{"aitil": {"test0": {"final_score": [0.21891551954198907], "scores": [[0.9481014504457224, 0.9481014504457224, 0.9481014504457224, 0.9481014504457224, 0.9481014504457224, 0.9481014504457224, 0.9481014504457224, 0.9481014504457224, 0.9471440575368664, 0.9313373515871188, 0.8992519513125199, 0.8910676148809801, 0.8697560641109343, 0.8412933945589173, 0.8284267979414015, 0.8045188046224532, 0.7695216163207137, 0.7533778490045289, 0.7442381943393825, 0.7309380729116863, 0.7272650859785457, 0.7235867304136957, 0.7183593337260759, 0.6934732241445237, 0.6581800528440442, 0.649018734349446, 0.5907973594271332, 0.5907973594271332, 0.5831766405897756, 0.570845939802506, 0.5649538068973844, 0.5401570752286059, 0.4916486887306188, 0.4847949567284892, 0.4663532180018225, 0.4450592129855238, 0.409832196500077, 0.39046704165669377, 0.3719885665571845, 0.3719885665571845, 0.36722369123812465, 0.36722369123812465, 0.3604470605605656, 0.32838628071971415, 0.32838628071971415, 0.3198556083670627, 0.2993785144763876, 0.25572326006878426, 0.2495892666093988, 0.2495892666093988, 0.2495892666093988, 0.2495892666093988, 0.2422851680954654, 0.2495892666093988, 0.2495892666093988, 0.2495892666093988, 0.2495892666093988, 0.2495892666093988, 0.2495892666093988, 0.2495892666093988, 0.2495892666093988, 0.2495892666093988, 0.2495892666093988, 0.21891551954198907, 0.21891551954198907, 0.21891551954198907, 0.21891551954198907, 0.21891551954198907, 0.21891551954198907, 0.21891551954198907, 0.21891551954198907, 0.21891551954198907, 0.21891551954198907, 0.21891551954198907, 0.21891551954198907, 0.21891551954198907, 0.21891551954198907, 0.21891551954198907, 0.21891551954198907, 0.21891551954198907, 0.21891551954198907, 0.21891551954198907, 0.21891551954198907, 0.21891551954198907, 0.21891551954198907, 0.21891551954198907, 0.21891551954198907, 0.21891551954198907, 0.21891551954198907, 0.21891551954198907, 0.21891551954198907, 0.21891551954198907, 0.21891551954198907, 0.21891551954198907, 0.21891551954198907, 0.21891551954198907, 0.21891551954198907, 0.21891551954198907, 0.21891551954198907, 0.21891551954198907]]}}}