{"ait": {"test0": {"final_score": [0.5407159937431443], "scores": [[0.9481014504457224, 0.9481014504457224, 0.9498728926095428, 0.9511361885125019, 0.9513886463978973, 0.9513886463978973, 0.9513886463978973, 0.9513886463978973, 0.9546544612353178, 0.9546544612353178, 0.9413718832220772, 0.9401363383684773, 0.9242097875779058, 0.9242097875779058, 0.9161645351344633, 0.8852414760474787, 0.8736467357286908, 0.8564846849671666, 0.8551264981177431, 0.850872111038774, 0.8345946266554434, 0.8352504365199053, 0.8352504365199053, 0.8308942852536403, 0.822201019189881, 0.8172413630042592, 0.8063945524316758, 0.8028966132085507, 0.8019808170198058, 0.8028188410710166, 0.7776126259864226, 0.7583505309581193, 0.7543880244895343, 0.7437755369138994, 0.7289384506317924, 0.7067119470265224, 0.7022940923917462, 0.6827213507256711, 0.6853474608286328, 0.6853474608286328, 0.6853474608286328, 0.6588462214152526, 0.6588462214152526, 0.6550932662860722, 0.6500638325923523, 0.6389766607767436, 0.6330855473619488, 0.6147951714073419, 0.6034031994193306, 0.600418788631664, 0.6016734055678873, 0.6007626703641846, 0.5977347211626063, 0.5855903001015814, 0.5813646391321531, 0.5800660983090756, 0.5685358409589535, 0.565335310444286, 0.5529252494857136, 0.5529252494857136, 0.5465823525492406, 0.5465823525492406, 0.5465823525492406, 0.5394680000977533, 0.5374361879329526, 0.5157649160296855, 0.5166953293775515, 0.5166953293775515, 0.5140942333629416, 0.5075436904502622, 0.5075436904502622, 0.5075436904502622, 0.5075436904502622, 0.5075436904502622, 0.4931833334629151, 0.4931833334629151, 0.4931833334629151, 0.4931833334629151, 0.4931833334629151, 0.4931833334629151, 0.4931833334629151, 0.49527600816197453, 0.49527600816197453, 0.49527600816197453, 0.49527600816197453, 0.49527600816197453, 0.5018058965985065, 0.5018058965985065, 0.5121743385807718, 0.5121743385807718, 0.515528944734852, 0.5185995164158239, 0.5236686354850741, 0.5236686354850741, 0.5372504645812944, 0.5372504645812944, 0.5372504645812944, 0.5372504645812944, 0.5407159937431443, 0.5407159937431443]]}}}