{"mrl": {"test0": {"final_score": 0.4631241047343073, "scores": [0.9481014504457224, 0.9481014504457224, 0.9486079143306524, 0.9498728926095428, 0.9503784124799383, 0.9536476869208875, 0.9536476869208875, 0.9538994801163764, 0.9538994801163764, 0.9538994801163764, 0.9396412111657272, 0.9195786716157782, 0.9195786716157782, 0.9195786716157782, 0.9017505301201026, 0.8806781365216775, 0.8690225129891471, 0.8517672949907633, 0.8520003397478874, 0.8440508377042875, 0.827639207703374, 0.827639207703374, 0.8232427829555106, 0.8204141052468257, 0.8116085921043906, 0.7954830320939914, 0.7954830320939914, 0.7903948950267332, 0.7910873472309324, 0.7910873472309324, 0.7654949349693723, 0.7177655048027359, 0.7115705068287288, 0.7066031967823689, 0.682927685100042, 0.6832792477990504, 0.6745886979559983, 0.64816876291874, 0.6477981458964481, 0.6299351000968914, 0.6039769292535534, 0.5959741480846172, 0.5878814962600877, 0.5813527054088954, 0.5660956607766713, 0.5614686914440336, 0.5614686914440336, 0.5552080245052036, 0.5556404033830734, 0.5552080245052036, 0.5515800763608808, 0.5515800763608808, 0.5383955639936092, 0.5110634261958563, 0.5067112827314884, 0.5040713735386, 0.48677131417796476, 0.4839377562744132, 0.4781901429210459, 0.482290714652551, 0.47946072990938776, 0.4789595850679982, 0.47946072990938776, 0.4804614514388336, 0.4762644606539681, 0.47373652962205226, 0.47373652962205226, 0.4762644606539681, 0.4762644606539681, 0.4762644606539681, 0.4762644606539681, 0.4704231045781575, 0.4490475683561826, 0.4490475683561826, 0.4470823095641817, 0.4470823095641817, 0.4470823095641817, 0.4395341948746237, 0.4395341948746237, 0.4395341948746237, 0.4395341948746237, 0.4395341948746237, 0.4395341948746237, 0.4440640382912502, 0.4440640382912502, 0.4440640382912502, 0.44747605181675854, 0.44747605181675854, 0.44747605181675854, 0.44747605181675854, 0.44747605181675854, 0.45163097894889104, 0.45163097894889104, 0.45163097894889104, 0.45163097894889104, 0.45163097894889104, 0.45163097894889104, 0.45163097894889104, 0.45163097894889104, 0.4631241047343073]}, "test1": {"final_score": 0.5326113829612541, "scores": [0.9483693472630007, 0.9483693472630007, 0.9506961906297942, 0.9519583939761609, 0.9519583939761609, 0.9519583939761609, 0.9525334034700436, 0.9525334034700436, 0.9545884941081018, 0.9389071252352296, 0.9389071252352296, 0.9389071252352296, 0.9308719430983226, 0.9248205163771009, 0.9269681400981182, 0.8940709100440521, 0.8940709100440521, 0.8940709100440521, 0.8785941234071389, 0.8785941234071389, 0.8785941234071389, 0.8682065926878937, 0.867431741911643, 0.8645846811828589, 0.8645846811828589, 0.8442196390857288, 0.8418951779531045, 0.8271425504739605, 0.8271425504739605, 0.8108862785432001, 0.8044438429542937, 0.7925458572551363, 0.7834557851164047, 0.7680763606326011, 0.7668942568260227, 0.7500880511873935, 0.7407709461234, 0.7235048587302332, 0.7266910194593262, 0.7266910194593262, 0.7239229709894136, 0.71179921878891, 0.6993188519230165, 0.6863286895685476, 0.6863286895685476, 0.67946881741494, 0.6758303913700949, 0.6599048696387958, 0.6403190913897259, 0.6343302398903954, 0.6343302398903954, 0.6311572572685124, 0.6311572572685124, 0.6159052772075007, 0.6068383214874116, 0.609339556628027, 0.6035314298246695, 0.6069922031093151, 0.6069922031093151, 0.6069922031093151, 0.6087682508321715, 0.5900227124041394, 0.5900227124041394, 0.5900227124041394, 0.5757841414294196, 0.5793038173510716, 0.5793038173510716, 0.5761631050125966, 0.5552685778166395, 0.5514833140369917, 0.5514833140369917, 0.5391998436031474, 0.5396450488408029, 0.5396450488408029, 0.5396450488408029, 0.5396450488408029, 0.5396450488408029, 0.5396450488408029, 0.5396450488408029, 0.526161554494543, 0.526161554494543, 0.526161554494543, 0.526161554494543, 0.5360591167658041, 0.5360591167658041, 0.5360591167658041, 0.5360591167658041, 0.5326634842449468, 0.5326634842449468, 0.5296220536312695, 0.5296220536312695, 0.5296220536312695, 0.5326113829612541, 0.5326113829612541, 0.5326113829612541, 0.5326113829612541, 0.5326113829612541, 0.5326113829612541, 0.5326113829612541, 0.5326113829612541]}, "test2": {"final_score": 0.9297561933883449, "scores": [0.9668250999165173, 0.9668250999165173, 0.9695040452279247, 0.9715232380497435, 0.9715232380497435, 0.9739920307877256, 0.9739920307877256, 0.9739920307877256, 0.9742385659758761, 0.9744850387930363, 0.9744850387930363, 0.9726761211157341, 0.9710562057706633, 0.9692408888006125, 0.9694886321766415, 0.9704239808092229, 0.9704239808092229, 0.9704239808092229, 0.9713584287684451, 0.9704514774156124, 0.9704514774156124, 0.9704514774156124, 0.9704514774156124, 0.9704514774156124, 0.9704514774156124, 0.9709188005817411, 0.9709188005817411, 0.9709188005817411, 0.9631507161152143, 0.9631507161152143, 0.9631507161152143, 0.9622082972742266, 0.9622082972742266, 0.9624578508901573, 0.9624578508901573, 0.9624578508901573, 0.9624578508901573, 0.9624578508901573, 0.9624578508901573, 0.9624578508901573, 0.954852335272454, 0.954852335272454, 0.954852335272454, 0.954852335272454, 0.954852335272454, 0.954852335272454, 0.952950152398063, 0.952950152398063, 0.952950152398063, 0.952950152398063, 0.952950152398063, 0.952950152398063, 0.952950152398063, 0.9568834833146667, 0.9547193058328061, 0.9547193058328061, 0.9547193058328061, 0.9547193058328061, 0.952872865962275, 0.9519202719121367, 0.9519202719121367, 0.9490567529118715, 0.9490567529118715, 0.9490567529118715, 0.9490567529118715, 0.9469389370022386, 0.9469389370022386, 0.9469389370022386, 0.9469389370022386, 0.9450772963986672, 0.9450772963986672, 0.9450772963986672, 0.9420581633281353, 0.9420581633281353, 0.9420581633281353, 0.9380490173832968, 0.9380490173832968, 0.9380490173832968, 0.9380490173832968, 0.9380490173832968, 0.9352286231984647, 0.9352286231984647, 0.9352286231984647, 0.9349718018491049, 0.9349718018491049, 0.9320098342248856, 0.9320098342248856, 0.9320098342248856, 0.9320098342248856, 0.9320098342248856, 0.9320098342248856, 0.9320098342248856, 0.9320098342248856, 0.9320098342248856, 0.9310645541371131, 0.9325931377122922, 0.9325931377122922, 0.9325931377122922, 0.9297561933883449, 0.9297561933883449]}}}